code,horseNo,nameZh,nameEn,fileBase,coatZh,coatEn,breedZh,breedEn,descriptionZh,descriptionEn,style,track,colorKey,frontFile,sideFile,backFile,showcaseFile,spriteFile,orthoSheetFile
H01,1,赤焰流星,Crimson Meteor,H01_CrimsonMeteor,深栗毛,Rich Chestnut,英国冲刺型纯血马,British Sprinter Thoroughbred,19世纪古典赛马代表。深栗毛赤红光泽，额前有细长流星白斑，鬐甲高耸，胸廓深窄，后躯半腱肌饱满，具备顶级爆发力。,"Classic 19th-century racer with glossy rich chestnut coat and a long white blaze; high withers, deep narrow chest, powerful hindquarters.",sprinter,turf,red,H01_CrimsonMeteor_Ortho_Front.png,H01_CrimsonMeteor_Ortho_Side.png,H01_CrimsonMeteor_Ortho_Back.png,H01_CrimsonMeteor_Showcase.png,H01_CrimsonMeteor_Sprite.png,H01_CrimsonMeteor_Ortho.png
H02,2,翠风,Emerald Wind,H02_EmeraldWind,铁青斑驳毛,Dapple Grey,轻量化耐力型纯血马,Lightweight Stayer Thoroughbred,银白青斑相间，体态修长轻巧，头小颈弓优美，四肢关节纤细而韧性极佳，中长途耐力出众。,"Silver-white dapple grey with a slender elegant frame, small head, arched neck, fine yet resilient joints, superb stamina.",stayer,turf,green,H02_EmeraldWind_Ortho_Front.png,H02_EmeraldWind_Ortho_Side.png,H02_EmeraldWind_Ortho_Back.png,H02_EmeraldWind_Showcase.png,H02_EmeraldWind_Sprite.png,H02_EmeraldWind_Ortho.png
H03,3,金色箭矢,Golden Arrow,H03_GoldenArrow,金黄帕洛米诺,Golden Palomino,短途冲刺纯血马,Sprint Thoroughbred,金黄缎光被毛与纯白长鬃，背腰短而强韧，十字部肌肉隆起呈拉丝状，前胸宽厚。,"Golden satin palomino coat with pure white mane and tail; short strong back, prominent croup muscles, broad chest.",accelerator,dry,gold,H03_GoldenArrow_Ortho_Front.png,H03_GoldenArrow_Ortho_Side.png,H03_GoldenArrow_Ortho_Back.png,H03_GoldenArrow_Showcase.png,H03_GoldenArrow_Sprite.png,H03_GoldenArrow_Ortho.png
H04,4,暗影猎手,Shadow Hunter,H04_ShadowHunter,煤黑纯黑,Jet Black,重型古典纯血赛马,Classic Heavy Thoroughbred,通体乌黑无杂毛，眼神冷峻，肩胛倾角45度，步幅极大，后肢股二头肌如钢铁磐石。,"Jet black with no white markings, cold sharp gaze, 45-degree shoulder angle, enormous stride, iron-like thigh muscles.",stalker,all,black,H04_ShadowHunter_Ortho_Front.png,H04_ShadowHunter_Ortho_Side.png,H04_ShadowHunter_Ortho_Back.png,H04_ShadowHunter_Showcase.png,H04_ShadowHunter_Sprite.png,H04_ShadowHunter_Ortho.png
H05,5,银月,Silver Moon,H05_SilverMoon,纯银白毛,Pure White Grey,欧洲古典贵族纯血,Aristocratic European Purebred,宛如银白色月光，颈脊弧线挺拔，动作轻灵若御风而行，在泥地与雨战中步伐格外稳健。,"Moonlight-white grey coat, proud arched neck, airy light movement; exceptionally steady on mud and in rain.",dark-horse,soft,silver,H05_SilverMoon_Ortho_Front.png,H05_SilverMoon_Ortho_Side.png,H05_SilverMoon_Ortho_Back.png,H05_SilverMoon_Showcase.png,H05_SilverMoon_Sprite.png,H05_SilverMoon_Ortho.png
H06,6,蓝潮,Blue Tide,H06_BlueTide,石板蓝灰沙毛,Blue Roan,大胸廓全天候赛马,All-weather Power Horse,头黑身呈深蓝灰色，胸围深广，心肺容积巨大，推进力强劲，不畏强风与长直道。,"Black head with deep blue-grey roan body; very deep girth, huge heart-and-lung capacity, powerful drive, fearless in wind and long straights.",balanced,all,blue,H06_BlueTide_Ortho_Front.png,H06_BlueTide_Ortho_Side.png,H06_BlueTide_Ortho_Back.png,H06_BlueTide_Showcase.png,H06_BlueTide_Sprite.png,H06_BlueTide_Ortho.png
H07,7,紫电,Purple Lightning,H07_PurpleLightning,深红骝微带紫光,Liver Chestnut,神经过敏型竞速马,High-Agility Racer,耳短直立转动极其敏锐，腹线紧收，四蹄黑亮硬如坚石，起跑瞬间步频极快。,"Liver chestnut with a violet sheen; short upright highly alert ears, tight underline, gleaming black hooves, explosive early stride rate.",volatile,firm,purple,H07_PurpleLightning_Ortho_Front.png,H07_PurpleLightning_Ortho_Side.png,H07_PurpleLightning_Ortho_Back.png,H07_PurpleLightning_Showcase.png,H07_PurpleLightning_Sprite.png,H07_PurpleLightning_Ortho.png
H08,8,暴风疾行,Storm Run,H08_StormRun,经典骝毛四蹄白,Classic Bay,骨量充沛型耐劳赛马,Dense-Bone Endurance Horse,四蹄踏雪，红棕身躯配黑鬃黑尾，膝与飞节粗大，在重赛道及逆风战况中耐疲劳表现卓越。,"Classic bay with four white socks, dark mane and tail; large knees and hocks, outstanding stamina on heavy tracks and into headwinds.",sprinter,wet,navy,H08_StormRun_Ortho_Front.png,H08_StormRun_Ortho_Side.png,H08_StormRun_Ortho_Back.png,H08_StormRun_Showcase.png,H08_StormRun_Sprite.png,H08_StormRun_Ortho.png
H09,9,惊雷破空,Thunder Break,H09_ThunderBreak,黑骝色白星章,Dark Brown / Bay,突击型大步幅赛马,Long-Stride Sprinter,肩峰高耸，前胸胸肌双峰突出，出闸箱起步凶猛，直道冲刺如惊雷划空。,"Dark brown-bay with a white star; high shoulders, prominent pectoral muscles, ferocious gate start, thunderbolt straight sprint.",volatile,dry,yellow,H09_ThunderBreak_Ortho_Front.png,H09_ThunderBreak_Ortho_Side.png,H09_ThunderBreak_Ortho_Back.png,H09_ThunderBreak_Showcase.png,H09_ThunderBreak_Sprite.png,H09_ThunderBreak_Ortho.png
H10,10,烈阳战将,Sun Warrior,H10_SunWarrior,红枣骝色,Blood Bay,高压迫王者赛马,Dominant Champion Blood,骨架宏伟，颈部呈拱形雄驹弧线，臀部圆硕厚重，并驾齐驱时能施加极大竞争压迫感。,"Blood bay with a massive frame, arched stallion neck, heavy rounded croup; exerts strong competitive pressure side by side.",stayer,firm,orange,H10_SunWarrior_Ortho_Front.png,H10_SunWarrior_Ortho_Side.png,H10_SunWarrior_Ortho_Back.png,H10_SunWarrior_Showcase.png,H10_SunWarrior_Sprite.png,H10_SunWarrior_Ortho.png
H11,11,翡翠之梦,Jade Dream,H11_JadeDream,沙金青骝,Dun Roan,柔韧持久型赛马,Supple Stayer,毛色奇特雅致，后躯飞节动作如钟摆般平稳丝滑，擅长在赛程后半段自外侧悄然逆转。,"Unusual dun-roan with sand-gold sheen; pendulum-smooth hock action, excels at late outside rallies.",dark-horse,heavy,emerald,H11_JadeDream_Ortho_Front.png,H11_JadeDream_Ortho_Side.png,H11_JadeDream_Ortho_Back.png,H11_JadeDream_Showcase.png,H11_JadeDream_Sprite.png,H11_JadeDream_Ortho.png
H12,12,极光之星,Aurora Star,H12_AuroraStar,深褐配菱形星斑,Star-Marked Dark Bay,全能型现代纯血祖系,All-Round Modern Thoroughbred,头身比例1:6，重心平衡极高，贴栏走内道转弯能力冠绝群马，各项赛程兼修。,"Dark bay with a diamond star; 1:6 head-to-body ratio, perfect balance, unmatched rail-hugging turns.",balanced,turf,cyan,H12_AuroraStar_Ortho_Front.png,H12_AuroraStar_Ortho_Side.png,H12_AuroraStar_Ortho_Back.png,H12_AuroraStar_Showcase.png,H12_AuroraStar_Sprite.png,H12_AuroraStar_Ortho.png
H13,13,天火之翼,Sky Fire Wing,H13_SkyFire,琥珀栗毛,Amber Chestnut,山地短途冲刺纯血,Mountain Sprinter Thoroughbred,落基山脉边缘培育的顶级纯血，琥珀色栗毛在晴日下泛金光，晴朗硬质泥地上具备统治级冲刺极速。,Mountain-bred thoroughbred with amber chestnut coat gleaming gold in sunlight; dominant top speed on dry dirt.,sprinter,dry,amber,H13_SkyFire_Ortho_Front.png,H13_SkyFire_Ortho_Side.png,H13_SkyFire_Ortho_Back.png,H13_SkyFire_Showcase.png,H13_SkyFire_Sprite.png,H13_SkyFire_Ortho.png
H14,14,荒原霸主,Plains Overlord,H14_PlainsOverlord,野生栗毛,Wild Chestnut,旷野耐力野血马,Plains Endurance Wildblood,纯正旷野野马血统，栗毛粗粝带晒痕，心肺容量惊人，末程400米拉锯战胜率第一。,"Untamed wildline chestnut with sun-bleached coarse coat, phenomenal heart-and-lungs, unbeatable in grinding final 400m duels.",stayer,all,chestnut,H14_PlainsOverlord_Ortho_Front.png,H14_PlainsOverlord_Ortho_Side.png,H14_PlainsOverlord_Ortho_Back.png,H14_PlainsOverlord_Showcase.png,H14_PlainsOverlord_Sprite.png,H14_PlainsOverlord_Ortho.png
H15,15,白银之光,Silver Beam,H15_SilverBeam,铂银亮毛,Platinum Silver,贵族中距追袭纯血,Aristocratic Middle-Distance Stalker,银白色鬃毛飞扬，擅长中后段借风滑行，最后弯道切内线突围能力拔群。,"Flying platinum-silver mane, slips through the wind mid-race, outstanding inside-rail breaks in the final turn.",stalker,turf,platinum,H15_SilverBeam_Ortho_Front.png,H15_SilverBeam_Ortho_Side.png,H15_SilverBeam_Ortho_Back.png,H15_SilverBeam_Showcase.png,H15_SilverBeam_Sprite.png,H15_SilverBeam_Ortho.png
H16,16,黑曜风暴,Obsidian Storm,H16_ObsidianStorm,炭黑灰毛,Charcoal Black,重型湿地泥地马,Heavy Mud-Grinder,肌肉密度极高，炭黑被毛如黑曜石，强劲的后肢蹬踏力使其在烂泥湿地赛道如履平地。,"High muscle density, obsidian-like charcoal coat, explosive hind-leg drive makes heavy mud tracks feel flat.",grinder,heavy,charcoal,H16_ObsidianStorm_Ortho_Front.png,H16_ObsidianStorm_Ortho_Side.png,H16_ObsidianStorm_Ortho_Back.png,H16_ObsidianStorm_Showcase.png,H16_ObsidianStorm_Sprite.png,H16_ObsidianStorm_Ortho.png
H17,17,月影独行,Moon Walker,H17_MoonWalker,石板青灰毛,Slate Grey,沉稳缠斗型赛马,Composed Battler,性格沉稳冷静，多马并驾齐驱时心率毫不紊乱，擅长狭窄空隙钻击。,Calm slate-grey veteran whose heart rate never wavers in packed fields; pierces through narrow gaps under pressure.,battler,all,slate,H17_MoonWalker_Ortho_Front.png,H17_MoonWalker_Ortho_Side.png,H17_MoonWalker_Ortho_Back.png,H17_MoonWalker_Showcase.png,H17_MoonWalker_Sprite.png,H17_MoonWalker_Ortho.png
H18,18,狂怒号角,Raging Horn,H18_RagingHorn,古铜暗骝,Bronze Dark Bay,大步幅领放赛马,Long-Stride Front-Runner,步幅宽大凶悍，古铜色暗骝毛在阳光下泛金属光泽，一旦起跑占据领放领地便极难被反超。,"Wide ferocious stride, metallic bronze dark-bay coat; once it takes the front it is nearly impossible to pass.",sprinter,sand,bronze,H18_RagingHorn_Ortho_Front.png,H18_RagingHorn_Ortho_Side.png,H18_RagingHorn_Ortho_Back.png,H18_RagingHorn_Showcase.png,H18_RagingHorn_Sprite.png,H18_RagingHorn_Ortho.png
H19,19,金羽神鹰,Golden Eagle,H19_GoldenEagle,鎏金黄栗,Gilded Chestnut,全能冠军后上马,All-Round Champion Closer,黄金血统纯血名宿，鎏金栗毛配金色飞鬃，在各类赛道均能保持稳定胜率。,Gilded chestnut with golden flowing mane; championship winner with eagle-like closing power and rock-solid form on all tracks.,closer,turf,gold,H19_GoldenEagle_Ortho_Front.png,H19_GoldenEagle_Ortho_Side.png,H19_GoldenEagle_Ortho_Back.png,H19_GoldenEagle_Showcase.png,H19_GoldenEagle_Sprite.png,H19_GoldenEagle_Ortho.png
H20,20,深渊魅影,Abyssal Phantom,H20_AbyssalPhantom,靛蓝玄黑,Indigo Black,绝杀型冷门黑马,Last-Gasp Dark Horse,低调内敛但杀伤力巨大，靛蓝玄黑被毛在暗处近乎隐形，常在落后两马位的死局中上演绝杀。,Low-key indigo-black coat nearly invisible in shadow; legendary last-gasp turnarounds from two lengths behind.,dark-horse,all,indigo,H20_AbyssalPhantom_Ortho_Front.png,H20_AbyssalPhantom_Ortho_Side.png,H20_AbyssalPhantom_Ortho_Back.png,H20_AbyssalPhantom_Showcase.png,H20_AbyssalPhantom_Sprite.png,H20_AbyssalPhantom_Ortho.png
