code,idx,nameZh,nameEn,gender,tier,tierZh,tierEn,coat,coatZh,coatEn,fileBase,Stage1_Foal,Stage2_Yearling,Stage3_Adult,Stage4_Pro
F01,1,荒野微风,Wild Breeze,STALLION,WILD,荒原混血,Wild Cross,BAY,骝毛,Bay,F01_WildBreeze,F01_WildBreeze_Stage1_Foal.png,F01_WildBreeze_Stage2_Yearling.png,F01_WildBreeze_Stage3_Adult.png,F01_WildBreeze_Stage4_Pro.png
F02,2,沙原跳羚,Desert Gazelle,MARE,WILD,荒原混血,Wild Cross,CHESTNUT,栗毛,Chestnut,F02_DesertGazelle,F02_DesertGazelle_Stage1_Foal.png,F02_DesertGazelle_Stage2_Yearling.png,F02_DesertGazelle_Stage3_Adult.png,F02_DesertGazelle_Stage4_Pro.png
F03,3,小风滚草,Little Tumbleweed,STALLION,WILD,荒原混血,Wild Cross,DUN,沙色野兔毛,Dun,F03_LittleTumbleweed,F03_LittleTumbleweed_Stage1_Foal.png,F03_LittleTumbleweed_Stage2_Yearling.png,F03_LittleTumbleweed_Stage3_Adult.png,F03_LittleTumbleweed_Stage4_Pro.png
F04,4,斑纹雏雀,Speckled Lark,MARE,WILD,荒原混血,Wild Cross,ROAN,沙毛,Roan,F04_SpeckledLark,F04_SpeckledLark_Stage1_Foal.png,F04_SpeckledLark_Stage2_Yearling.png,F04_SpeckledLark_Stage3_Adult.png,F04_SpeckledLark_Stage4_Pro.png
F05,5,红岩幼石,Red Rock Foal,STALLION,WILD,荒原混血,Wild Cross,BAY,骝毛,Bay,F05_RedRockFoal,F05_RedRockFoal_Stage1_Foal.png,F05_RedRockFoal_Stage2_Yearling.png,F05_RedRockFoal_Stage3_Adult.png,F05_RedRockFoal_Stage4_Pro.png
F06,6,峡谷风鸣,Canyon Echo,MARE,WILD,荒原混血,Wild Cross,BLACK,黑毛,Black,F06_CanyonEcho,F06_CanyonEcho_Stage1_Foal.png,F06_CanyonEcho_Stage2_Yearling.png,F06_CanyonEcho_Stage3_Adult.png,F06_CanyonEcho_Stage4_Pro.png
F07,7,晨原甘露,Morning Dew,MARE,WILD,荒原混血,Wild Cross,GRAY,青灰毛,Gray,F07_MorningDew,F07_MorningDew_Stage1_Foal.png,F07_MorningDew_Stage2_Yearling.png,F07_MorningDew_Stage3_Adult.png,F07_MorningDew_Stage4_Pro.png
F08,8,金沙砾石,Golden Sand,STALLION,WILD,荒原混血,Wild Cross,PALOMINO,帕洛米诺金毛,Palomino,F08_GoldenSand,F08_GoldenSand_Stage1_Foal.png,F08_GoldenSand_Stage2_Yearling.png,F08_GoldenSand_Stage3_Adult.png,F08_GoldenSand_Stage4_Pro.png
F09,9,暮色流火,Dusk Flame,STALLION,WILD,荒原混血,Wild Cross,CHESTNUT,栗毛,Chestnut,F09_DuskFlame,F09_DuskFlame_Stage1_Foal.png,F09_DuskFlame_Stage2_Yearling.png,F09_DuskFlame_Stage3_Adult.png,F09_DuskFlame_Stage4_Pro.png
F10,10,平原小羚,Prairie Antelope,MARE,WILD,荒原混血,Wild Cross,BAY,骝毛,Bay,F10_PrairieAntelope,F10_PrairieAntelope_Stage1_Foal.png,F10_PrairieAntelope_Stage2_Yearling.png,F10_PrairieAntelope_Stage3_Adult.png,F10_PrairieAntelope_Stage4_Pro.png
F11,11,怀俄明晨光,Wyoming Dawn,STALLION,PLAINS_TB,肯塔基良种,Plains Thoroughbred,BAY,骝毛,Bay,F11_WyomingDawn,F11_WyomingDawn_Stage1_Foal.png,F11_WyomingDawn_Stage2_Yearling.png,F11_WyomingDawn_Stage3_Adult.png,F11_WyomingDawn_Stage4_Pro.png
F12,12,平原骄阳,Prairie Sun,MARE,PLAINS_TB,肯塔基良种,Plains Thoroughbred,CHESTNUT,栗毛,Chestnut,F12_PrairieSun,F12_PrairieSun_Stage1_Foal.png,F12_PrairieSun_Stage2_Yearling.png,F12_PrairieSun_Stage3_Adult.png,F12_PrairieSun_Stage4_Pro.png
F13,13,雪山疾影,Snowpeak Shadow,STALLION,PLAINS_TB,肯塔基良种,Plains Thoroughbred,GRAY,青灰毛,Gray,F13_SnowpeakShadow,F13_SnowpeakShadow_Stage1_Foal.png,F13_SnowpeakShadow_Stage2_Yearling.png,F13_SnowpeakShadow_Stage3_Adult.png,F13_SnowpeakShadow_Stage4_Pro.png
F14,14,铜蹄小将,Copper Hoof,STALLION,PLAINS_TB,肯塔基良种,Plains Thoroughbred,BUCKSKIN,鹿皮黄毛,Buckskin,F14_CopperHoof,F14_CopperHoof_Stage1_Foal.png,F14_CopperHoof_Stage2_Yearling.png,F14_CopperHoof_Stage3_Adult.png,F14_CopperHoof_Stage4_Pro.png
F15,15,金鬃幼狮,Golden Mane Cub,MARE,PLAINS_TB,肯塔基良种,Plains Thoroughbred,PALOMINO,帕洛米诺金毛,Palomino,F15_GoldenManeCub,F15_GoldenManeCub_Stage1_Foal.png,F15_GoldenManeCub_Stage2_Yearling.png,F15_GoldenManeCub_Stage3_Adult.png,F15_GoldenManeCub_Stage4_Pro.png
F16,16,飞燕回旋,Swallow Spin,MARE,PLAINS_TB,肯塔基良种,Plains Thoroughbred,BLACK,黑毛,Black,F16_SwallowSpin,F16_SwallowSpin_Stage1_Foal.png,F16_SwallowSpin_Stage2_Yearling.png,F16_SwallowSpin_Stage3_Adult.png,F16_SwallowSpin_Stage4_Pro.png
F17,17,松林长风,Pinewind,STALLION,PLAINS_TB,肯塔基良种,Plains Thoroughbred,BAY,骝毛,Bay,F17_Pinewind,F17_Pinewind_Stage1_Foal.png,F17_Pinewind_Stage2_Yearling.png,F17_Pinewind_Stage3_Adult.png,F17_Pinewind_Stage4_Pro.png
F18,18,赤褐之星,Russet Star,MARE,PLAINS_TB,肯塔基良种,Plains Thoroughbred,ROAN,沙毛,Roan,F18_RussetStar,F18_RussetStar_Stage1_Foal.png,F18_RussetStar_Stage2_Yearling.png,F18_RussetStar_Stage3_Adult.png,F18_RussetStar_Stage4_Pro.png
F19,19,原野逐梦,Field Dreamer,STALLION,PLAINS_TB,肯塔基良种,Plains Thoroughbred,CHESTNUT,栗毛,Chestnut,F19_FieldDreamer,F19_FieldDreamer_Stage1_Foal.png,F19_FieldDreamer_Stage2_Yearling.png,F19_FieldDreamer_Stage3_Adult.png,F19_FieldDreamer_Stage4_Pro.png
F20,20,踏雪斑斓,Snowdapple,MARE,PLAINS_TB,肯塔基良种,Plains Thoroughbred,GRAY,青灰毛,Gray,F20_Snowdapple,F20_Snowdapple_Stage1_Foal.png,F20_Snowdapple_Stage2_Yearling.png,F20_Snowdapple_Stage3_Adult.png,F20_Snowdapple_Stage4_Pro.png
